LOCN_ID,OBJ_ID,VER_NBR,LOCN_CD,LOCN_NAME,LEVEL_ID,PARENT_LOCN_ID
"1","ce4edd19-c272-43fc-a577-d4d927e87345",1,"DUKE","Duke University","1",NULL
"101","61DEF825-0091-473A-A9BF-F7693EEC3FC5",1,"PD","Stacks","5","12"
"102","DE8D2281-8655-42F3-B91D-4C01CCFE8FA3",1,"PD8","Loeb Classics","5","12"
"103","A8E7B805-7CDB-4F0E-86B7-17CF9A6098E3",1,"PD9","Repair Shelf","5","12"
"104","334679A7-38EF-471C-BA7A-CE34B9079CFC",1,"PDB","Baker Research Center","5","12"
"105","EE2C49D5-218E-429B-8014-E166D0F65F56",1,"PDBQ","Baker Research Center Quarto","5","12"
"106","0A54918F-2005-4879-BB37-9C6DB6456933",1,"PDC","CD-ROM","5","12"
"107","EEB28CA6-73BB-4183-8901-39A685BA83B3",1,"PDF","Stacks Folio","5","12"
"108","062B9610-E45B-4D25-9638-6A26E9C9B94E",1,"PDFF","Stacks Double Folio","5","12"
"109","D0188DFE-AD72-4D4A-A8CA-01A4561916A8",1,"PDH","Pamphlet Collection","5","12"
"11","4587044d-4d9e-4a4c-b634-b58484103b58",1,"BES","Biological and Environmental Sciences Library","3","1"
"110","7B073E37-0DC6-4C48-A29A-388772D66290",1,"PDK","Kindle Ebook Reader","5","12"
"111","4E6AA265-C113-4A0B-8810-038C892204A2",1,"PDL1","Locked Cabinet #1","5","12"
"112","215F85C1-0348-40A5-B88D-05F4F97FE4D5",1,"PDL1F","Locked Cabinet #1 Folio","5","12"
"113","53BFDE97-9EBD-4799-8AC3-98FA174BA577",1,"PDL1Q","Locked Cabinet #1 Quarto","5","12"
"114","E71DEC62-B431-47A1-9326-4AB0DE317585",1,"PDL2","Locked Cabinet #2","5","12"
"115","0F95F277-1DFC-4C5E-9CDC-C5757D699D26",1,"PDL3","Locked Cabinet #3","5","12"
"116","6082D05B-06A8-47D2-BDC0-9C8A1DFC748C",1,"PDL4","Locked Cabinet #4","5","12"
"117","9F473548-B590-4EE7-AF9B-B875828037CB",1,"PDL5","Locked Cabinet #5","5","12"
"118","93A99319-2480-4C85-BE79-1CEA0248351B",1,"PDL6","Locked Cabinet #6","5","12"
"119","713F335F-6442-4625-AB6C-AC2B9C6B29F3",1,"PDL6Q","Locked Cabinet #6 Quarto","5","12"
"12","2a522194-3877-453f-a5f4-a0672c5d440b",1,"DIVINITY","Divinity School Library","3","1"
"120","9CF818D9-7F85-4207-A48A-CF7C8348A4AE",1,"PDL7","Locked Cabinet #7","5","12"
"121","395566AD-767D-4275-9D8B-A9F43948DFAC",1,"PDL8","Locked Cabinet #8","5","12"
"122","40CAF94B-43A8-433A-9E93-8DC930E4F631",1,"PDM","Microforms","5","12"
"123","CA8FDF05-7D78-41FC-8BAC-E9A0A5682F97",1,"PDP","Periodicals","5","12"
"124","4DCB76A4-03C2-4ED4-8FD6-46278CF59EAF",1,"PDPU","Periodicals Reading Room","5","12"
"125","9CFC1142-0F39-45F7-BDB8-17B0AADBBAAA",1,"PDQ","Stacks","5","12"
"126","D8D6D12F-A0DD-4E87-9BAA-418F98A9303E",1,"PDR","Reference","5","12"
"127","D1E222D1-A07D-4F4E-BB4C-7ED0E843E256",1,"PDRC","Reference CD-ROM","5","12"
"128","BEC42803-2100-4D69-A106-21BEEE37D2FF",1,"PDRF","Reference Folio","5","12"
"129","BBF4EE15-2DCA-422F-A928-9D7F224E19DA",1,"PDRQ","Reference Quarto","5","12"
"13","2CD4E351-C585-45DD-83A7-11843DF7DCC9",1,"DKU","Duke - Kunshan Library","3","1"
"130","9F28ED47-B24C-481A-AF7E-73566EF32C3D",1,"PDRR","Ready Reference","5","12"
"131","41AA0993-ABB7-46A6-B2A9-C5D170976082",1,"PDT","Theses","5","12"
"132","6BD54AA9-3931-4E2B-A24C-302982670F62",1,"PDU","Stacks","5","12"
"133","8A6BFB19-E47E-4FB5-BDF2-437CA383E478",1,"PDUF","Stacks Folio","5","12"
"134","C4853412-3742-4AA3-B515-D98796DDF48B",1,"PDUQ","Stacks Quarto","5","12"
"135","2B466AC2-E924-4301-B628-27AE4385AACC",1,"PDV","Audio-Visual","5","12"
"136","C2B548F2-F41F-4E23-A9AF-B6B02A26EDF2",1,"PDW","New Book Shelf","5","12"
"137","9E872EF1-A29F-4AEA-9491-6436ACD6D4E0",1,"PDX","Reserve","5","12"
"138","32453EA2-92E6-4F39-8626-4D560B2D2272",1,"PDXY","Perkins Papyrology reserve","5","12"
"139","0870506F-E35C-4448-82DB-88D64F8578CE",1,"PDXYF","Perkins Papyrology reserve","5","12"
"14","8f661920-bfdd-475a-8c29-4856c02d6425",1,"FORD","Ford Library","3","1"
"140","DE728D47-BEA1-4EE4-9B27-7ABE5922C554",1,"PDXYQ","Perkins Papyrology reserve","5","12"
"141","6CE03299-58D0-45FB-98A5-195F4FE07F80",1,"PDXYU","Perkins Papyrology reserve","5","12"
"142","9083D08F-F769-4760-A93C-CB451FCDEF1E",1,"PDY","York Reading Room","5","12"
"143","E85F19B0-3B8F-4C7D-AEE4-E334B0C3CF10",1,"PDI","Divinity Stacks (III)","5","12"
"144","1ECF3290-6EBF-4BF7-85F9-DD70EED56F3C",1,"PDPI","Current Periodicals","5","12"
"145","B6A3EC47-DB62-4A88-84CF-5FDFE27F9DAE",1,"DK","Stacks","5","13"
"146","7603A77E-E73D-4824-88B1-4C06EE21ED15",1,"DKR","Reference","5","13"
"147","0CFA29A4-ED06-4B5C-A329-AA252A095C7B",1,"DKX","Reserves","5","13"
"148","4A90C22A-ECD4-4EDD-B6FD-E2A9AE36DD1C",1,"FRD","Stacks","5","14"
"149","38EBD95E-8E0B-42E7-8462-F42DE7580B6C",1,"FRD1Z","East Mezzanine","5","14"
"15","ae97962e-c125-4860-bf7a-8f55f61e551e",1,"LAW","Goodson Law Library","3","1"
"150","9C35247C-B27F-4A2C-A1D9-A3AEBE261623",1,"FRD2Z","West Mezzanine","5","14"
"151","C6E93E21-D244-4703-A16F-3C71689B82C1",1,"FRDA","Audiobooks","5","14"
"152","9D194E42-E904-401C-91E8-D9244090FA89",1,"FRDC","Cataloging Office","5","14"
"153","F8572DF5-7A1F-4464-A774-DE508EE1F64D",1,"FRDCC","Career Collection","5","14"
"154","2DDF54B3-5BC5-4FF8-8A96-EBDAB57C5696",1,"FRDCM","Computer Media","5","14"
"155","F5C416F1-861F-4FAE-AF04-00B2AC2D4683",1,"FRDCS","Collection Development Storage","5","14"
"156","B0C76FA4-5BF8-4FA3-88CD-61E8FD745EC0",1,"FRDD","DVD--Limited Circulation","5","14"
"157","F8004339-D976-419C-AD88-EAA4548E3491",1,"FRDE","Internet Resource","5","14"
"158","49B35485-B841-4B21-9E6A-C1FAFB876C3E",1,"FRDI","(III)","5","14"
"159","2158C0A2-063B-43F5-BA8D-AED4BF8E92A6",1,"FRDJI","Current International Journals","5","14"
"16","9334fabc-6e93-4e63-aa91-fbce75bda919",1,"LILLY","Lilly Library","3","1"
"160","BA91CEF3-6682-4340-9C6F-01A842BBBC4B",1,"FRDJS","Journal Stacks","5","14"
"161","A550FB6E-689E-4D31-BABD-04DA97E6B0D1",1,"FRDK1","Ebook Reader","5","14"
"162","272462BC-019D-4087-A8FB-788ED52F1105",1,"FRDK2","Ebook Reader","5","14"
"163","845AC115-C06B-44BB-A641-5C9410F222EB",1,"FRDK3","Ebook Reader","5","14"
"164","53594968-6DAC-4D74-8345-D418C12578F8",1,"FRDL","Language Instruction","5","14"
"165","A411FB1D-B974-46A5-BFB1-690161D96DC6",1,"FRDM","Microforms","5","14"
"166","888627B9-50BF-4355-84B5-2932AB0859EB",1,"FRDMI","Microforms (III)","5","14"
"167","0C3A0C07-3D3C-480E-A77D-BDC0B7A225E2",1,"FRDN","Newspapers","5","14"
"168","04032A01-DF41-4D01-BA50-340173612E59",1,"FRDOS","Library Service Center","5","14"
"169","442B2A0B-613E-4331-B449-6A059830AE38",1,"FRDP","Periodicals","5","14"
"17","43d50a1e-d872-4ca9-aa6c-5e92c0d70258",1,"LINK","The Link","3","1"
"170","17F90C67-D415-4DBC-A71A-4FE812AF084C",1,"FRDPC","Periodicals - Career","5","14"
"171","D57C3619-E478-4814-AB0D-15090D5C2891",1,"FRDPE","Periodicals - Economics","5","14"
"172","0DDD0F8D-58AC-4CA3-8C5A-63B7769C93B2",1,"FRDPF","Periodicals - Finance and Accounting","5","14"
"173","46548407-78B7-4B94-A0A4-3F5F6341CD94",1,"FRDPH","Periodicals - Health Sector Management and Operations","5","14"
"174","AD1B8F5C-F00B-45A0-8EBB-5934DC476C81",1,"FRDPI","Current Journals","5","14"
"175","5ED956F6-348F-41B8-ABFC-E7F5E6DB647F",1,"FRDPJ","International Journals","5","14"
"176","1D6D76E8-37CA-41E1-895F-3332B44B8B04",1,"FRDPL","Periodicals - Leadership and Management","5","14"
"177","2002D697-2520-45FD-B5B6-4D75196CF27F",1,"FRDPM","Periodicals - Marketing","5","14"
"178","F47EDAD2-9BC2-4F2B-916F-37DE96A1F040",1,"FRDPN","Periodicals - Newspapers","5","14"
"179","B08E066F-3DFF-45D8-8FBF-AE24938FB009",1,"FRDPR","Periodicals - Reserves","5","14"
"18","711ae4f0-8900-4cda-9099-9e92cd63585e",1,"LSC","Library Service Center","3","1"
"180","3B8039AB-BC05-4715-B866-290A1C255146",1,"FRDR","Reference","5","14"
"181","C2631276-A402-4209-8FF8-38BA9F4195BE",1,"FRDRI","Reference (III)","5","14"
"182","20C1DFD0-763D-491A-9B0A-6A0DE65F0826",1,"FRDRM","Reference Media","5","14"
"183","9C5C52BB-A351-4F9C-8D0C-E35012A41BE2",1,"FRDT","Test Preparation","5","14"
"184","F6DDD88A-89EC-4B52-B38E-326789228699",1,"FRDTX","14-Day Textbooks - Reserves","5","14"
"185","3D36CA06-C5DA-4A68-A35C-843E86D6D9E6",1,"FRDW","Window Display","5","14"
"186","EFE3537B-7476-4547-92EE-83582CF3C13F",1,"FRDX","Reserves","5","14"
"187","A10DC012-49BF-437C-80BD-CFBD2768FB07",1,"FRDXI","Reserves (III)","5","14"
"188","C8B663A3-E99D-4E69-BCC3-B99AC3970117",1,"FRDXO","Overnight Reserves","5","14"
"189","2A5471BF-46CC-4ECF-9D18-C81746DC8B0A",1,"FRDXP","24-Hour Permanent Reserves","5","14"
"19","1ccf91d4-41c8-4247-bb3f-2f2ae8ada577",1,"MARINE","Marine Lab Library","3","1"
"190","936454E0-DCF7-4031-BD30-4ACE101F4F6D",1,"LACTC","Law School Academic Technologies","5","15"
"191","C96F1DC6-7924-44D2-AA30-F9A204CF4487",1,"LARCH","Archives","5","15"
"192","713D497F-247E-4B3B-A331-7961D0D43F40",1,"LALUM","Alumni Authors","5","15"
"193","8AE221F2-6268-48C3-9D5A-BE3671DC5775",1,"LALUI","Alumni (III)","5","15"
"194","27BA800E-3547-4B0E-85C8-054430A5F9A8",1,"LCDL1","CD-ROM Level 1 Workstation","5","15"
"195","9E2783FE-937A-4F40-927E-57B875027C29",1,"LCDL3","Level 3 Workstation","5","15"
"196","A8D35668-6D47-41DF-8764-B496A951BA13",1,"LRES","Reserves","5","15"
"197","7C156265-8B3F-4287-A1FF-006A5CB39C0A",1,"LRESV","Course Reserves","5","15"
"198","FB098A79-8711-448F-B7D1-DC31BD7581B3",1,"LCHRI","Christie Collection","5","15"
"199","CA869FDE-8A9F-4621-8CB0-7F7B70DD48B8",1,"LCOX","Cox Collection","5","15"
"20","6441fdfb-6686-4bb9-8c0a-0636a8388236",1,"MCL","Medical Center Library","3","1"
"200","5A7B260E-FD43-4F0B-82A8-AEF56A5446B1",1,"LDOC","Documents","5","15"
"201","18648B8B-083A-463B-8946-BCAABD91D5A6",1,"LEMP","Empirical Collection","5","15"
"202","D31D611D-6458-4642-B0B7-E401302B0BF8",1,"LFAC","Faculty Collection","5","15"
"203","050D063C-95C7-4BDC-BC21-E09FE5DAC43B",1,"LFDAL","Federal Alcove","5","15"
"204","0226A273-44BB-47F8-9B75-A48856588921",1,"LFDR","Federal Reporters & Digests","5","15"
"205","B994E64C-970D-443E-83A4-784D1757F583",1,"LDFRI","Federal Reporters & Digests (Level 3)","5","15"
"206","529E51ED-89B3-4CF6-9725-4D702CD0C86E",1,"LGEN","Stacks","5","15"
"207","A3172D13-555A-445F-8F76-ECA1CEAF2D28",1,"LINDX","Reference Indexes","5","15"
"208","8A103CA7-6C03-442B-97BF-0700E6875982",1,"LINRE","Internet Resource","5","15"
"209","08040BF2-3F0A-4501-9174-A99A4E60A089",1,"LLF","Looseleaf","5","15"
"21","46bce912-4c8c-4b0a-bb0a-7f50661bb9cb",1,"MUSIC","Music Library","3","1"
"210","0AA8123F-C1F3-4755-9A56-8A6B0478A6AB",1,"LLRD","Leisure Reading","5","15"
"211","BFCAD4B6-0F60-4932-8465-DB43FB6FAA45",1,"LLSC","Library Service Center","5","15"
"212","B5FD414D-6863-4821-A0CC-CC7ED8CD3B4F",1,"LMED","Media","5","15"
"213","7B6E846A-4AAF-4FE6-BF87-899B1C1AC7B2",1,"LMICR","Microform","5","15"
"214","CBEC4ED7-DB45-4844-AF38-DBDF829C11AC",1,"LNCAL","NC Alcove","5","15"
"215","37E74C38-2C2F-495E-B083-D7A53A6CF8EB",1,"LOVSZ","Oversize","5","15"
"216","9F591609-F6A7-40DD-BEAA-0B563C548895",1,"LPER","Periodicals","5","15"
"217","896552EB-4F84-479F-8E0E-4B89A2096382",1,"LPERC","Periodicals, Current Issues","5","15"
"218","0E9B21D4-F804-425C-9BCC-3D90740150C0",1,"LPRAC","Practice & Procedure","5","15"
"219","999EBD7F-D411-4A96-970F-8216ECFF84A7",1,"LPROF","Professional Collection","5","15"
"22","78169b69-06ef-4695-afc7-606a50492dda",1,"PERKINS","Perkins/Bostock Library","3","1"
"220","E865ADBA-2EBE-4039-A426-0BD19FA141FE",1,"LRA1","Rare Books, Level 1","5","15"
"221","AB642DE0-3C50-400A-AFA4-7C351EDDDEC4",1,"LRA1O","Rare Books, Level 1 Oversize","5","15"
"222","F98CA828-8D2C-496C-A8FB-C645E0625113",1,"LRARE","Rare Books","5","15"
"223","39164550-69CD-4B17-9F75-6766F69FEDF5",1,"LRARO","Rare Books, Oversize","5","15"
"224","D073A658-F6E2-45E7-8E13-8E2596A88B2A",1,"LRECB","Records & Briefs","5","15"
"225","E813BA5F-921E-4276-8EFC-4041F89DC74F",1,"LREF","Reference","5","15"
"226","6A86C4B5-25F4-44FD-BD1C-1ABAC55086CD",1,"LREFD","Reference Documents","5","15"
"227","85E2B3E5-06A1-4138-9797-A7BF3E4C1E46",1,"LREFO","Reference Desk","5","15"
"228","1B1CE5F6-D5E7-4D13-A24D-F5B20EB69280",1,"LREPI","Regional Reporters (Level 1)","5","15"
"229","9F2BE25E-126F-42DC-9A35-982BE9A973F4",1,"LREPT","Regional Reporters","5","15"
"23","7f80d289-5d18-4482-bb6c-f9ec3c8613f1",1,"RUBENSTEIN","Rubenstein Library","3","1"
"230","E9BF2FF9-D0AC-425F-91C4-D1E609A2447C",1,"LRIDC","Riddick Congressional","5","15"
"231","350983A9-B9CF-459C-A3CA-B4A277A5B218",1,"LRIDD","Riddick","5","15"
"232","076722B4-F79D-4267-82A0-92BCEB56FE57",1,"LRIDP","Riddick Parliamentary","5","15"
"233","F3A91B70-E022-4E85-9944-A90BB642867A",1,"LRIDS","Riddick Senatorial","5","15"
"234","57C47A33-1965-4291-A057-4E47E15CBDA2",1,"LROUJ","Routed Journals","5","15"
"235","0D8603CF-6E79-426A-930C-92A9A1EE4A9F",1,"LSCO","State Codes","5","15"
"236","8EC370B2-1967-4FF6-B5A9-F2F5679DF091",1,"LSCOI","State Codes (Level 3)","5","15"
"237","484935D0-270E-4267-8902-BDD54D7CA891",1,"LSJD","S.J.D. Theses","5","15"
"238","2C6E8EA0-3751-4001-A297-31BFB34565BD",1,"LSSCO","Superseded Codes","5","15"
"239","4EFBE07D-E98F-4424-8DCB-245EB1854013",1,"LSSLO","Superseded Looseleaf","5","15"
"24","ed33aefe-3694-45fc-8ee7-7f508504057b",1,"UARCHIVES","University Archives","3","1"
"240","9C45CD36-5CCF-4C6C-AB76-7974652187A9",1,"LSSRF","Superseded Reference","5","15"
"241","71EE2B74-D7FF-4E6E-A6FD-D5B89CF02C07",1,"LSSTX","Superseded Tax","5","15"
"242","FB89089C-7527-4BCC-AD67-476D790FD2F2",1,"LTAX","Tax Collection","5","15"
"243","F309FD95-DBD3-4DAE-99D9-F6E6621B2864",1,"LGEN1","Law Library, Level 1","5","15"
"244","8D3CD6D9-B317-4F9E-99B8-6E0CF2FF8488",1,"LGEN3","Law Library, Level 3","5","15"
"245","868C6DC5-BAFC-4C06-AABF-A1B46EC610B6",1,"LTHES","Thesis","5","15"
"246","16FEFA96-B4BE-48A0-AD01-E76CDE6DCFB3",1,"LUNCL","Unclassified Collection","5","15"
"247","6E27244D-38C3-43D9-BF97-DB68681E4C07",1,"LARCI","Archives (III)","5","15"
"248","292C0409-78BF-44AB-87A9-D1E314D1D610",1,"LCDLI","CD-ROM Level 1 Workstation (III)","5","15"
"249","BEB95751-4BF5-4275-80EC-28E637DA0479",1,"LCHII","Christie Collection (III)","5","15"
"250","AE6E2C61-EE55-4767-8D7F-5C735E0491FF",1,"LDOCI","Documents (III)","5","15"
"251","0964E952-A816-43C7-BFC7-B06516F13051",1,"LFACI","Faculty Collection (III)","5","15"
"252","9A49C58F-70D9-4F62-8562-3171F3FEF74C",1,"LFDAI","Federal Alcove (III)","5","15"
"253","931F8F67-4C26-4B7F-946D-FFED1C7E220D",1,"LGENI","General (III)","5","15"
"254","C56ABAEC-9A5A-410F-A9C1-8A90D8239100",1,"LINDI","Reference Indexes (III)","5","15"
"255","ED4AD197-D44D-4018-B770-D08A54C44635",1,"LLFI","Looseleaf (III)","5","15"
"256","3FBDD7B5-B080-4B2C-8268-B4C9E1FB6D80",1,"LLRDI","Leisure Reading (III)","5","15"
"257","7A06AD07-498F-4EED-9058-C8203F788498",1,"LMICI","Microform (III)","5","15"
"258","78CF0250-C2BC-483A-A0A5-7CAC2A88BD6C",1,"LNCAI","NC Alcove (III)","5","15"
"259","CAAF0E79-3AA4-4686-A3F0-847074B5D9B7",1,"LPERI","Periodicals (III)","5","15"
"260","9A25BDC1-B345-4166-8D01-EDA0DC2081DF",1,"LPRAI","Practice & Procedure (III)","5","15"
"261","CFE2912F-E6CB-4F12-BF3C-F7C6A3F1B138",1,"LPROI","Professional Collection (III)","5","15"
"262","E28E5FC2-483C-4FB4-9A37-6FF8326C11EE",1,"LRARI","Rare Books (III)","5","15"
"263","0FC6F14B-EA0B-4C62-89B3-EC2462CE7257",1,"LREFI","Reference (III)","5","15"
"264","CD2A0038-D9C8-4211-9F51-73B8CA379CF3",1,"LRFDI","Reference Documents (III)","5","15"
"265","465C54DF-46E1-4A69-895B-BB1857DB5D96",1,"LRFOI","Reference Desk (III)","5","15"
"266","81AC3286-C175-4891-AA09-9AB6E91A68D3",1,"LRIDI","Riddick (III)","5","15"
"267","ABED23C5-FE9F-47E0-902F-524664EE31F4",1,"LSSLI","Superseded Looseleaf (III)","5","15"
"268","40A1E8D1-538B-4A5C-BECE-1DAE584A14FF",1,"LSSRI","Superseded Reference (III)","5","15"
"269","73556648-9123-44C2-9EB5-D3D99174D4B4",1,"LSSTI","Superseded Tax (III)","5","15"
"270","42A7643B-1603-4F80-911B-45A280937DF3",1,"LTAXI","Tax Collection (III)","5","15"
"271","86861ADC-AAFB-4799-B59D-C9CF111BA3C5",1,"LUNCI","Unclassified Collection (III)","5","15"
"272","14AEA4B0-D661-4B6F-BE61-C7F8169FF544",1,"PL2","Thomas Room","5","16"
"273","A00B32CE-4505-4B74-B005-349A310EF6D7",1,"PL2F","Thomas Room","5","16"
"274","A452BAD9-BCF7-4325-969C-942D8BA67FFA",1,"PL3","Stacks","5","16"
"275","F5916F9E-0782-4085-9E74-7392EECA1DBC",1,"PL8","Loeb Classics","5","16"
"276","41AD3829-C263-43AA-B9C8-8AA20FE4EECC",1,"PLA","ADF Archives","5","16"
"277","C0F99F97-3C23-4597-BFD0-1622DF347D2F",1,"PLAV","ADF Video","5","16"
"278","7AC71BC8-B76F-46C2-825F-9C99485C0EEE",1,"PLC","Stacks CD-ROM","5","16"
"279","28AA296E-5F6B-4A7B-811C-FC56EDD28CCE",1,"PLD","Room 113","5","16"
"280","7EFEE0E4-E767-4750-99E9-01179F779FD6",1,"PLH","Pamphlet Collection","5","16"
"281","43D5B747-858B-4AA2-9705-CB095EDE0E1F",1,"PLI","Stacks","5","16"
"282","A5689ED6-5B12-4F8B-B955-63ACA8F9D85B",1,"PLIF","Stacks Oversize","5","16"
"283","BA7679FB-D38B-478E-8EE6-A4D49CEF7ED0",1,"PLK1","Ebook Reader","5","16"
"284","5B618A99-B33E-48E5-AAD4-131046567889",1,"PLK2","Ebook Reader","5","16"
"285","09CF1D9A-7A65-4853-9D09-65BC8CAFDF5A",1,"PLKR","Ebook Reader","5","16"
"286","B8D80643-23FE-47AD-AB83-8536E4F858EE",1,"PLL1","Cage","5","16"
"287","77B22B1B-0D03-4AA4-A7CC-280D03BE1D41",1,"PLL1F","Cage Oversize","5","16"
"288","7A74DAAA-7CCB-4D77-A07E-712CAB8ADBD8",1,"PLL2","Locked Stacks","5","16"
"289","0622EE3B-B751-4272-A51B-BFF7B546FBDE",1,"PLL2F","Locked Stacks Oversize","5","16"
"290","33791065-B4F1-4F9B-9447-738177BCC950",1,"PLLP","Locked Periodicals","5","16"
"291","B90C0239-94D9-4D19-8EA6-C37C018B004A",1,"PLM","Microforms","5","16"
"292","C6A62B46-5284-45F7-9E63-9E689A64D62A",1,"PLMB","Microform Guide","5","16"
"293","8E554221-E507-400C-8EAD-74354016DA9B",1,"PLMPI","Current Periodicals","5","16"
"294","237917B0-6AD9-4201-912F-68A646895857",1,"PLN","Newspapers","5","16"
"295","F2BF11B7-93FF-42AA-A3BA-0636FBB808FF",1,"PLP","Periodicals","5","16"
"296","9D9F1728-A1C8-4276-A4F6-D9E630F54534",1,"PLPI","Current Periodicals","5","16"
"297","DAE47D45-C9CA-4EFF-9DBC-241594C70B9C",1,"PLR","Reference","5","16"
"298","574A4275-9BDC-4B8A-BE75-27FC39109BE1",1,"PLR1","Atlas Case 1","5","16"
"299","F3F8AEEC-5FBF-420E-AD31-187521715889",1,"PLR1F","Atlas Case 1 Folio","5","16"
"300","3D4C2B4F-3BD6-4099-A6C9-5BE9070C10A7",1,"PLR2","Atlas Case 2","5","16"
"301","66871E08-4298-4133-BF99-5501FFF5F700",1,"PLRC","Reference CD-ROM","5","16"
"302","A2EF7437-7B91-413E-96AC-68AE2ECECC69",1,"PLRF","Reference Oversize","5","16"
"303","147D28BA-4C3B-4AA8-A758-39E942BAF3A9",1,"PLRQ","Reference","5","16"
"304","AEB6A82D-E95C-4622-B5B4-FDE1E406DEE4",1,"PLRR","Ready Reference","5","16"
"305","4B7B5EAE-568E-40B6-BE3F-38386C087559",1,"PLV","A-V","5","16"
"306","1BB0E170-DAF7-4D80-9040-8FA64A0761F5",1,"PLV1","A-V DVD","5","16"
"307","D20769EA-B0B6-4A85-B245-D7AD0EF75D5F",1,"PLV2","A-V Video cassette","5","16"
"308","405BBECE-F447-445B-84F5-AFD3400EAE0D",1,"PLV2L","A-V Video cassette Limited Circ.","5","16"
"309","099BD9E2-BBDB-4C6A-80F4-85DF515D3504",1,"PLV3","A-V Compact disc","5","16"
"310","E42DC6DC-1DAF-42F2-8114-21B21F268AF4",1,"PLV4","A-V Video disc","5","16"
"311","EEF08D57-2D80-4DB4-9543-ED4BC6397478",1,"PLV5","A-V Motion picture","5","16"
"312","A32BA328-CEA6-4F93-BBCE-85909FE5E709",1,"PLV6","A-V Sound cassette","5","16"
"313","F6B9F758-BFB8-4AA1-ABCE-3D9559F84781",1,"PLV7","A-V Sound disc","5","16"
"314","DA64C502-88CD-425C-88E9-A45B62427BE3",1,"PLV8","DevilDVD","5","16"
"315","5F6DFB33-A9ED-4FD4-8301-1CF7C2EDB312",1,"PLVD","A-V DVD Remote","5","16"
"316","6632FECC-8C16-4A27-A2EC-16360E89DDBF",1,"PLVH","A-V Headphones","5","16"
"317","0F2BA4B5-450F-4995-825D-F8986A95DA99",1,"PLVL","A-V Limited Circulation","5","16"
"318","ED448EC5-AC8F-4FA0-8773-2EA87A8D782B",1,"PLVM","Locked Media","5","16"
"319","5FC68D7E-56EB-4F06-88F6-84D1781C52C4",1,"PLVR","A-V Reference","5","16"
"320","077690B9-AA33-49B7-B6B0-A9BB78B3043D",1,"PLVR1","Film/Reference CD-ROM Station","5","16"
"321","ADF54E2C-D3E3-4CA0-8806-7D5C0C04230F",1,"PLVRR","A-V Reference","5","16"
"322","FA6150F4-5778-4530-94DA-09BBA39EC11D",1,"PLVV","A-V VCR Remote","5","16"
"323","F83A3187-E5B2-4262-A77D-320884545EAE",1,"PLW","Current Literature","5","16"
"324","02D7D388-3351-4ECE-9B03-EFA129F8C11D",1,"PLWF","Current Literature Oversize","5","16"
"325","D5979CFD-F9CB-4C2F-8F63-0760D734BC5E",1,"PLWV","Current Literature A-V","5","16"
"326","DF82E2D7-6014-427A-9EBB-FBF749D82D52",1,"PLX1","Open Reserve","5","16"
"327","978D4AEE-4B97-4210-AE3D-80DCF64FC901",1,"PLX1Q","Open Reserve","5","16"
"328","A15E1152-0125-48AC-A3FB-6C029FEF5473",1,"PLX2","Closed Reserve","5","16"
"329","3742DC04-EC46-4E04-8CEA-46E6F282CD3B",1,"PLXKR","Ebook Reader Reserve","5","16"
"330","8898101A-8195-4A9C-8953-3FC1CC7D4063",1,"PLXY","Perkins Papyrology Reserve","5","16"
"331","C112E2B4-EDA4-4DA6-8C07-8F84EF9247DD",1,"PN","Link Equipment","5","17"
"332","1FD0B0CD-0CD7-4B37-924D-E7F4B7D5A45A",1,"PSB","","5","18"
"333","0277F67B-E02B-40FE-9382-A4022F4AC5FE",1,"PSBF","","5","18"
"334","F8B192B6-6E03-4E5F-9B60-693FD90C833C",1,"PSBP","Periodicals","5","18"
"335","EB388139-9A5A-40B9-B1C1-1D0632D4A886",1,"PSBQ","","5","18"
"336","4352445F-41F1-4E0B-A787-34420F30545E",1,"PSC","","5","18"
"337","215E3FFF-83F6-46C1-ACD7-0A01E510C5A9",1,"PSCH","","5","18"
"338","F89F550B-9476-4B57-95BD-D25FDD5D4990",1,"PSCP","Periodicals","5","18"
"339","53CCB5A1-64CF-4C5C-ABFD-2A7EA77BF306",1,"PSCT","","5","18"
"340","E3DD4AED-BF7D-4DC6-BB85-23B5B37798D9",1,"PSD","","5","18"
"341","2AEF4AE6-CFAC-4634-A0A1-3D000D1E198E",1,"PSDF","","5","18"
"342","FB97D4DD-EEF7-4959-B400-7D7A13EF24C7",1,"PSDM","","5","18"
"343","D11E93E1-716E-4840-AB20-E738A39925B9",1,"PSDP","Periodicals","5","18"
"344","39715C55-01DF-406E-A13B-415C1E27FB94",1,"PSDQ","","5","18"
"345","06B19ACF-6F34-4A73-AA60-7188B44A80DB",1,"PSDV","","5","18"
"346","A255815B-C98A-49F8-813D-154CADF142D4",1,"PSGM","Perkins Documents Microforms: Lib Service Ctr","5","18"
"347","FDE54238-909A-4F8A-8B66-2F7626814F03",1,"PSGN","Perkins Documents UN : Lib Service Ctr","5","18"
"348","E36F4987-ACEB-4F32-B604-ABC8BB0883DA",1,"PSGNF","Perkins Documents UN : Lib Service Ctr","5","18"
"349","1BC26FBB-FBE1-40FD-995A-A0FD6C31E799",1,"PSGNQ","Perkins Documents UN : Lib Service Ctr","5","18"
"350","C56725DE-E8C3-4594-8DA2-A506651AFF3F",1,"PSGS","Perkins Documents US: Lib Service Ctr","5","18"
"351","13E68297-A059-4A6F-8424-3F592B2B610C",1,"PSGSF","Perkins Documents US: Lib Service Ctr","5","18"
"352","1CF228AE-28F4-45E7-903B-87A84D0567EC",1,"PSGSQ","Perkins Documents US: Lib Service Ctr","5","18"
"353","45404DF9-B8A0-41B6-9CBF-EC9DE1C50BFA",1,"PSGZ","Perkins Documents RAND: Lib Service Ctr","5","18"
"354","FB528788-95F6-44E0-9A97-5662E6BA1B57",1,"PSK","","5","18"
"355","9B432113-0028-4F8B-A9D9-72AB9CA44FBD",1,"PSK2","","5","18"
"356","E6DA73EF-9BD5-4C11-A6D9-0A1C97E09AB1",1,"PSK6","","5","18"
"357","27917915-30E7-4BC3-90A6-025C5E54B7AF",1,"PSKC","","5","18"
"358","181086AB-A28A-47A3-990A-DF92EA2DB0AC",1,"PSKE","","5","18"
"359","9D0B43F6-B12B-4E86-A566-3164E52471E6",1,"PSKEF","Oversize","5","18"
"360","72A889FE-15D8-4BB3-8962-669BE6C556BB",1,"PSKEP","Periodicals","5","18"
"361","CEAA0F10-6E93-4A55-AD5A-248A2513E41F",1,"PSKEQ","","5","18"
"362","CC96E77E-206B-4F3C-940D-EE64815EDB86",1,"PSKF","","5","18"
"363","A66948C8-47DB-4928-8F02-12403C8F1E19",1,"PSKJ","","5","18"
"364","8132D831-8347-4DDC-9F3D-A6A7951F60A0",1,"PSKL","","5","18"
"365","D6263DDE-5CA1-45B2-B081-88BF30A2F32C",1,"PSKM2","","5","18"
"366","038084E2-E6D4-4F24-B0AF-E872F27E917B",1,"PSKN","","5","18"
"367","A82575E4-52F5-4697-98E8-2601E1294DCE",1,"PSKOH","","5","18"
"368","BF69A23D-96FF-4284-BE4D-5BAB019C3705",1,"PSKP","Periodicals","5","18"
"369","E2E0B2EB-1A1D-43C4-8A5D-FDD37EDEB57E",1,"PSKP3","Periodicals","5","18"
"370","8761439D-362C-4DBB-94B6-588517778B4C",1,"PSKQ","","5","18"
"371","3D3DC12A-F52D-410C-859B-EC3B9CDB72A2",1,"PSL","","5","18"
"372","E27697AB-CC7A-405D-9EDE-D781936A63A4",1,"PSLF","","5","18"
"373","22904050-5810-4686-9643-BE3E0E22FFC5",1,"PSLP","Periodicals","5","18"
"374","5450EC8E-0AEF-49BF-921C-E8E5E8C1F4C7",1,"PSLV","","5","18"
"375","03CDE1BA-956C-4722-9FB6-0FB5B2F80409",1,"PSLV1","","5","18"
"376","C8C5BE3A-2DA0-4D56-9F4E-C8E907673A95",1,"PSLV2","","5","18"
"377","9830BD78-9724-4C3D-941E-681DC66231DD",1,"PSLV3","","5","18"
"378","362764AC-4732-4DC4-A318-AD2E4155985F",1,"PSLV4","","5","18"
"379","05B76029-85F1-43EC-8349-4992B2212EC7",1,"PSLV5","","5","18"
"380","0ED042D6-5A51-4297-B960-C5060E3B804D",1,"PSLV6","","5","18"
"381","20968DE7-4698-4DB6-8554-672B271A19F7",1,"PSLV7","","5","18"
"382","18D4B78E-DC0C-4F8C-8D09-3F998C63583C",1,"PSLVL","","5","18"
"383","5A4A425A-6406-4396-9F1C-B5B23142B825",1,"PSM","","5","18"
"384","C3C7513A-EE59-402A-AD0D-217DB0D2E2D5",1,"PSMM","","5","18"
"385","9BED6B05-B9E3-4FC0-9A28-491A65F59516",1,"PSMP","Periodicals","5","18"
"386","4CB9E70F-044C-4C5F-A754-1FF6AF912B51",1,"PSMQ","","5","18"
"387","F16FE28B-6F6E-454C-8E21-04431D99CAE6",1,"PSV","","5","18"
"388","9BBE7777-3C8B-414E-A16C-A66553D94E92",1,"PSV2","","5","18"
"389","0E15AEFA-AC94-4DC9-A58B-603CF811F91D",1,"PSV2F","","5","18"
"390","E843C68C-67D9-40FE-AC7C-12BB82E682CE",1,"PSV2P","Periodicals","5","18"
"391","0E92E0F0-69E4-4ED9-9409-4205B9A553B8",1,"PSV2Q","","5","18"
"392","6B73D9CC-1E20-41C9-B890-C802D10968C8",1,"PSV2T","","5","18"
"393","D25EA7D5-F0EF-43CC-9913-B59D60A06DBB",1,"PSV3P","Periodicals","5","18"
"394","1B1D0850-A154-4BBF-A934-9F3E3795BF6E",1,"PSVC","","5","18"
"395","D62E6860-1A22-4A14-BDA6-584EE4CF06D4",1,"PSVF","","5","18"
"396","02C2EBE0-C0E5-43EC-9C77-6A9B180C46DB",1,"PSVP","Periodicals","5","18"
"397","3C088B9E-ED09-4172-80BC-A9EABA525D5B",1,"PSVQ","","5","18"
"398","BD05513F-CB3E-4E47-B217-4134C9699109",1,"PSVT","","5","18"
"399","CA8C6F2D-FBF3-4BF4-959E-7B0799964210",1,"PSZ","","5","18"
"400","5FC5EA4C-5418-4BAA-978D-635DFD3E7694",1,"PSZP","Periodicals","5","18"
"401","D526C8AF-D8A9-4B10-86CA-D3FA420919B1",1,"UNC","","5","18"
"402","235E6181-EE82-43BF-A64F-D95C81EBBE5A",1,"UNCP","Periodicals","5","18"
"403","B4FB5F7F-21E7-4607-BC2F-97FEC7922146",1,"PZ","Stacks","5","19"
"404","DEDBBAB1-5F3E-4EE3-AA70-0F126FFDD993",1,"PZH","Pamphlets","5","19"
"405","D5B4CA51-A47D-4DAB-85BE-0F398C00045E",1,"PZK1","Ebook Reader","5","19"
"406","167A0BCE-88E0-4366-AEF6-173ACDA79590",1,"PZK2","Ebook Reader","5","19"
"407","3D9AB785-C82D-4969-8EC9-17B0A47415B3",1,"PZK3","iPad","5","19"
"408","0EACA37B-7B4D-4386-BBA8-65FB6EEF383E",1,"PZM","Microforms","5","19"
"409","9EA890A0-61F0-4799-B561-55E02AEDA1D9",1,"PZP","Periodicals","5","19"
"410","7CCA2E6F-3FB1-476B-B6F1-7EE9A77571F0",1,"PZPI","Current Periodicals","5","19"
"411","79292B02-07F6-40B4-AEF2-4348491ECF97",1,"PZR","Reference","5","19"
"412","C9D04EDC-E6CF-4A19-9A79-9311EA98C2E7",1,"PZRC","Reference CD-ROM","5","19"
"413","E24698B2-B5E2-4562-9586-BE6AC3EB12D6",1,"PZX","Reserve","5","19"
"414","E55D4C60-FB3A-4B44-B2F2-C4D777A2BA50",1,"M104","MLEC/Rm 104","5","20"
"415","F0ED452D-5B04-4C52-85AF-A4444B79B8EF",1,"MADMN","Admin Dept Offices","5","20"
"416","DAEC6DE2-33BB-469C-AD52-0893178B8280",1,"MARCH","Archives","5","20"
"417","CA5DC5B4-5606-4CF4-976E-F3F7B66A7957",1,"MAROF","Archives Off-Site Stacks - Non Circulating","5","20"
"418","0B543454-D503-4602-8C37-0D86D15612F2",1,"MATRF","Atlas Reference","5","20"
"419","63BCEFCE-7627-4B55-AE44-52D1AD481621",1,"MAV","Audio-Visual","5","20"
"420","8706B778-0B21-4D18-A187-6D78C3208094",1,"MBEX","Medical Student Book Exchange","5","20"
"421","094307BB-79E4-4582-99EC-238401564656",1,"MCIRC","Circ Dept Offices","5","20"
"422","7AEDEDF5-4ABD-4192-AE3C-0C0BF7EB03D6",1,"MCLK1","MCL Kindle","5","20"
"423","7F1B99BE-A906-40DA-A9E9-CE502A500B00",1,"MCUR","HC Curator Office","5","20"
"424","D4E5B2CC-D3C2-4E60-9F0F-46F4EBE6EF28",1,"MDISP","Med Ctr Entrance Display Case","5","20"
"425","11956C0F-24C1-4A65-A5D9-F2E6B19C5AD8",1,"MEDU","Lib Education Services","5","20"
"426","A85FFCDE-3463-4A61-954C-DDE19EA20EE2",1,"MENGL","Engel Collection","5","20"
"427","CF9CAFAF-DF85-48BF-B6BE-8C6B668CEA3F",1,"MHAV","Hist Locked Stks A-V's","5","20"
"428","0D26AF13-14AF-4845-890B-8BB9A083A066",1,"MHCIR","Hist Open Book Stacks","5","20"
"429","2E4F1206-0200-41B7-BA48-A21DBB9932EB",1,"MHDA","Hist Lock Stks Duke A","5","20"
"430","7D8E0992-28D5-47E2-B468-7AF563933B24",1,"MHDB","Hist Lock Stks Duke B","5","20"
"431","C13A1EB2-2987-4A7A-8227-1600C58D9927",1,"MHDC","Hist Lock Stks Duke C","5","20"
"432","0FF77504-801C-40F3-9261-884370C16A43",1,"MHDD","Hist Lock Stks Duke D","5","20"
"433","99F63713-329C-434A-BC20-5F449247F99B",1,"MHDE","Hist Lock Stks Duke E","5","20"
"434","0D551C89-CF22-4450-B693-D4AAE8F555E7",1,"MHDF","Hist Lock Stks Duke F","5","20"
"435","7A8306A7-399B-466D-9331-15613F64B51F",1,"MHEPH","Hist Ephemera","5","20"
"436","99DC3526-0823-4EEB-9CD1-949696469CC8",1,"MHFF","Hist Lock Stks Grp ff","5","20"
"437","F009745B-D19F-406A-9191-D13725DC4AFF",1,"MHFOL","Hist Open Stacks Folio","5","20"
"438","D5E68CBD-2C16-4413-A30C-B923BEBB64D2",1,"MHG1","Hist Locked Stks Grp I","5","20"
"439","D74B369C-7EA6-4278-824A-18FD6719FA61",1,"MHG1F","Hist Trent Room Grp fI","5","20"
"440","8544E8F3-5BD6-48D0-8CE3-2AB5C8775656",1,"MHG1Q","Hist Trent Room Grp qI","5","20"
"441","4D107706-B41A-4DD5-A23E-0FFA672CB45B",1,"MHG2","Hist Locked Stks GrpII","5","20"
"442","4B9DDB97-E62E-457B-A736-3A1B87162EE9",1,"MHG2F","Hist Lock Stks Grp fII","5","20"
"443","7F42040C-F7ED-4C85-B12B-BAAE8420CABE",1,"MHG2Q","Hist Lock Stks Grp qII","5","20"
"444","E441235D-0361-4590-94DB-2A21DB97759A",1,"MHJH","Hist Open Book Stacks","5","20"
"445","6A76F02D-9EE8-4623-878C-47EC07132069",1,"MHJNL","Hist Jnls Locked Stks","5","20"
"446","CE56558E-B020-4961-8CA3-ADE65BDD04B0",1,"MHLSK","Medical History Locked Stks","5","20"
"447","BF915F5B-8AAC-493D-8FA4-7D64582CA2D4",1,"MHMS","Hist Locked Stks Mss","5","20"
"448","AD170B77-A7B9-4117-BB04-30672AF32810",1,"MHMSB","Hist Lock Stks Bd Mss","5","20"
"449","64877571-263E-4176-97EE-043F7D9EABA1",1,"MHNEW","New HC Books","5","20"
"450","3CB6BBBC-3339-439B-AE62-37B6ACBA91FC",1,"MHREF","Hist Ref Reading Room","5","20"
"451","94369117-F53B-48D2-83F9-F29B2D6DB0DC",1,"MHSAF","Safe","5","20"
"452","3331422F-7072-46FC-B6A0-44981C1BA051",1,"MHWEL","Hist TrentRm WellsColl","5","20"
"453","2BEAB010-A2A0-43A4-8459-5231381BEAEE",1,"MILL","Interlibrary Loan","5","20"
"454","BF647038-C08F-43D3-B0E0-7B0FEE1B4D21",1,"MINDX","Index-Abstracts","5","20"
"455","846231E9-A76E-4D8B-8711-5035BE2EADFC",1,"MJNL","Journal Stacks","5","20"
"456","67FF4113-E1D3-4BC5-9CA2-DAA479EA8CF3",1,"MJNLA","Shelved in Journal Stacks under Series Title","5","20"
"457","A946D12C-90AC-415A-8A60-C0A80F0C9833",1,"MLOS","On-Site Storage","5","20"
"458","A00FBFC0-B0E6-468B-81B2-A0AF5DF85038",1,"MLSAR","Medical Locked Stacks Archives","5","20"
"459","D0F65474-003F-40C3-A6EB-7E20473981B2",1,"MLSCG","LSC General","5","20"
"460","2713F0DF-278B-4C8A-B3CF-A08C52B64113",1,"MLSF","Safe","5","20"
"461","B353A91E-8ED5-4279-A26A-D70C7345376F",1,"MLSK","Medical Library Locked Stacks","5","20"
"462","8BC0FB08-CCA9-4B84-8901-CD6689023504",1,"MMKPB","Marketing/Publications","5","20"
"463","CE8020FA-EA48-4249-A07C-CE557D002E48",1,"MMULT","Multi-Media Coll","5","20"
"464","211DC549-C5A4-4F7E-AAB6-01644497B184",1,"MNCCT","National Center for Child Trauma","5","20"
"465","7DB80535-D444-4CE5-8094-ACABA2C17894",1,"MOFFS","Off-Site Stacks","5","20"
"466","44249C4F-B81A-49D7-AFD8-440E862D9572",1,"MOVER","Oversized","5","20"
"467","CCAAEB08-6F6B-42CC-9E5B-995C225CD9D7",1,"MREF","Prof Readings","5","20"
"468","6882A536-3C46-4491-9C2C-FE34B712EA6B",1,"MRES","Reserve Room","5","20"
"469","3489FFA7-2A64-4831-88A7-4FE46B9890E5",1,"MRF","Reference","5","20"
"470","A81CEBD9-35B6-4152-9F5F-8D649A040A5C",1,"MRFCH","Reference Consumer Health","5","20"
"471","B02D52D7-7956-487F-955B-620A7FA015B0",1,"MRFDK","Reference Desk","5","20"
"472","41C950E5-6638-4719-AE9D-D0B630B2454D",1,"MRRM","Medical Library Reading Room","5","20"
"473","D82184A5-09BB-4D88-B01F-E9E9683812D6",1,"MSTKI","Current Journals","5","20"
"474","68AD483C-FC9E-4D01-908A-49D98F04A7E2",1,"MSTKS","Stacks","5","20"
"475","EAC2A8E4-BDF2-4CA1-9DE5-997E3BE02938",1,"MSYS","Lib Systems Offices","5","20"
"476","BE4593EA-A386-437A-BF48-C8BA78E40304",1,"MTECH","Tech Services Offices","5","20"
"477","D8BDF844-2AE7-41F9-8AD2-6C36CFEB8E17",1,"PM","Stacks","5","21"
"478","844CBD2A-C7E6-4D1F-A790-F7141C6BBC00",1,"PM9","Stacks","5","21"
"479","8A345C2A-F802-4DF6-B640-8991D03B1A56",1,"PMF","Stacks Oversize","5","21"
"480","ED4B6709-DBCB-4F8F-91BF-90634DAD2110",1,"PMF9","Stacks Oversize","5","21"
"481","9A49F276-E7A4-4EEC-B06C-B0E4417B8697",1,"PMI","Stacks (III)","5","21"
"482","EBEFC256-5A24-4133-8CF8-1DFDA2DD0344",1,"PML","Vault","5","21"
"483","A01FD1C5-30CD-4E28-830D-A75B1212A670",1,"PMLF","Vault Oversize","5","21"
"484","79F8F816-B0D6-4819-83BD-B117AB8FCAC7",1,"PMMC","Media","5","21"
"485","67AE4EEC-DE8B-4CE8-8B5D-CD97D5D6DF42",1,"PMMCC","Media CD-ROM","5","21"
"486","F7B0A4EA-1121-440D-906C-E4B4A7753C92",1,"PMMCI","Media Slide set","5","21"
"487","02B9EF98-7451-4DDF-BE49-536DE947FBD8",1,"PMMCM","Media Microforms","5","21"
"488","8B2D2DBF-F578-4AF1-9829-6E2B9E3D3236",1,"PMMCX","Media Reserve","5","21"
"489","C457A798-27A9-4C35-B6B9-B8296D42A87C",1,"PMMS","Miniature Score","5","21"
"490","36095914-2219-4E78-B1AF-23BC31C6CFAB",1,"PMMS9","Miniature Score","5","21"
"491","1CB225F4-B8E7-408A-915D-F303BCFE611E",1,"PMP","Periodicals","5","21"
"492","2D311CC1-90F1-4C7C-A88B-4554054813C2",1,"PMPI","Current Periodicals","5","21"
"493","B09B5187-C187-4DE8-A034-580FC0AE9FDD",1,"PMR","Reference","5","21"
"494","19742216-B951-416B-8412-9BE9D71B3B96",1,"PMR9","Reference","5","21"
"495","A5BB3B80-43AC-4932-BEE7-BA33EA0DB4C8",1,"PMRC","Reference CD-ROM","5","21"
"496","C0B5BBB2-0417-46FE-AC8D-E582FA5C82D0",1,"PMRD","Reference Desk","5","21"
"497","3F863971-1698-4651-9AFB-67E8D5BF381F",1,"PMRM","Reference Microforms","5","21"
"498","4C9C4D9A-DC63-42D9-9590-C41483F6A31F",1,"PMT","Theses","5","21"
"499","9756A360-FE58-4655-A58E-A14501857698",1,"PMTF","Theses Oversize","5","21"
"500","EC7CEBED-F245-45BE-8F2D-744209A90ECF",1,"PMX","Reserve","5","21"
"501","B2CC8013-BA9A-479C-ABB5-5B24339B406A",1,"PB","Stacks","5","22"
"502","421FAD4D-28D6-4D60-AA85-1A82150C9489",1,"PBA1","Atlas Stand 1","5","22"
"503","62896865-4A75-4112-A5D4-0F3F252A589E",1,"PBA2","Atlas Stand 2","5","22"
"504","459E8B7C-814B-49CB-BDDF-52625F0D1D42",1,"PBC","Stacks CD-ROM","5","22"
"505","8A916812-D735-4807-861B-0148C3AEF648",1,"PBE","Reading Room","5","22"
"506","E7AC32ED-C584-4D8A-BA58-634CE18A2656",1,"PBF","StacksOversize","5","22"
"507","57A3CD25-7203-4EBF-887C-E759194E850C",1,"PBH","Pamphlet Collection","5","22"
"508","9E210D01-EBD9-4A0A-B907-1B7C39DF4012",1,"PBHI","Pamphlet Collection (III)","5","22"
"509","85CFE1CA-DAED-4D2A-8C4E-35DE589DBD63",1,"PBI","Stacks (III)","5","22"
"510","D4B55C6F-AA86-492C-9FD4-9AAEA2FBB0C4",1,"PBL","Locked Stacks","5","22"
"511","EB6D0576-9D09-40E8-8340-B51A489C2274",1,"PBLL","Local Storage","5","22"
"512","C5342FC1-9538-46B9-BD93-8D9777876A54",1,"PBM","Microforms","5","22"
"513","D23B68B1-FC6B-46DB-A982-381CBCA4D656",1,"PBP","Periodicals","5","22"
"514","717055D0-74A2-42B5-8E96-22F861315DA4",1,"PBPI","Current Periodicals","5","22"
"515","ADD43D72-C32A-4831-AB68-180A49605D5A",1,"PBR","Reference","5","22"
"516","8C373CF0-7EEB-4877-94C7-26FF55469B2B",1,"PBRC","Reference CD-ROM","5","22"
"517","07167D86-86F4-4FE8-924A-6DCE1D8E17AA",1,"PBRR","Reference Desk copy","5","22"
"518","4B60F26B-721E-4FF9-9A37-8823D064DEA0",1,"PBT","Theses","5","22"
"519","9999F236-65E8-4D02-AC81-E7F659910E0A",1,"PBTI","Theses (III)","5","22"
"520","9407BF51-4CBD-4423-8866-1503DC4BB308",1,"PBX1","Open Reserve","5","22"
"521","045229F9-ACDA-4166-A87D-0B585E20B6C0",1,"PBX2","Closed Reserve","5","22"
"522","2BB46350-C639-4265-9292-E9470BD65819",1,"PBXPR","Permanent Reserve","5","22"
"523","46F70467-C695-4F7E-9A38-2ABCDCBC7B71",1,"PC","Stacks","5","22"
"524","C25D94C7-30B7-441E-920D-402C2B7BD47B",1,"PCC","Stacks CD-ROM","5","22"
"525","31FCCAEE-69B5-464F-9D5F-8BEFA41C80EA",1,"PCH","Pamphlet Collection","5","22"
"526","32CB2852-FB43-4F18-B843-F303A86AE772",1,"PCHI","Pamphlet Collection (III)","5","22"
"527","AFEE834D-73B7-40F5-9187-9B539870A13B",1,"PCI","Stacks (III)","5","22"
"528","A83834D5-04ED-4299-8D3E-0955C413009E",1,"PCM","Microforms","5","22"
"529","F63B526A-77E6-4333-9A83-A059929448FC",1,"PCP","Periodicals","5","22"
"530","1CB53137-E2FF-446E-9ACA-85A21A58B57A",1,"PCPI","Current Periodicals","5","22"
"531","696F477C-2488-45D8-8127-E4D4D939A900",1,"PCR","Stacks","5","22"
"532","E569DC68-A3F8-43CE-BCD8-7C03AFEE81FF",1,"PCRC","Reference CD-ROM","5","22"
"533","C1548A0E-2149-4EBA-B419-EA5981620056",1,"PCRI","Reference   (III)","5","22"
"534","BF61D828-DCE0-4E69-98BF-FA9245EB8478",1,"PCT","Theses","5","22"
"535","07ED9F81-4AFA-4BB2-87D6-DFD36BEDFAAA",1,"PCTI","Theses (III)","5","22"
"536","BACDEAE3-AD74-4637-9BF0-3B2A4F876373",1,"PCX1","Closed Reserve","5","22"
"537","67F67F5A-A598-401D-946F-5F8CD987221D",1,"PCX2","Safety Reserve","5","22"
"538","9F138CC0-B59D-4616-B4B2-38F4498DAD54",1,"PCXPR","Permanent Reserve","5","22"
"539","D5FD04D4-A52B-4D9E-AA64-9F765706B76E",1,"PCY","Yellow-Tag","5","22"
"540","CDBCFEC0-5FCB-4ECD-8FE2-2DBBD39B7223",1,"PF","Franklin Center","5","22"
"541","637B885E-F9E8-468C-BF4A-5E2051836558",1,"PG","","5","22"
"542","5240934F-2038-4039-9AED-57B4C0CD81D3",1,"PGA","Law Reference","5","22"
"543","DC4110A5-C65A-4849-A7B7-16E05DE44E7B",1,"PGC","CD-ROM","5","22"
"544","300BF989-2998-4AA8-810F-B788BDF83270",1,"PGCDA","Computer Archive","5","22"
"545","36652A87-8C4A-4A80-8A37-4115ADC65F2D",1,"PGCDI","Computer Archive (III)","5","22"
"546","42E51398-64FB-4A66-BC6E-B3AB3FAADE6D",1,"PGD","Maps","5","22"
"547","899ED0DE-7EB5-4195-93BE-4D6D59A09822",1,"PGDF","Maps Oversize","5","22"
"548","2A88134D-46AE-4A6C-8AC0-E53463CE16A8",1,"PGDH","Maps Vertical File","5","22"
"549","6B064EAC-F2A8-4EA8-8E74-C8249F2081C9",1,"PGDKH","Maps Travel","5","22"
"550","982E6980-2C7F-43B3-8708-A44A166F7F11",1,"PGDM","Maps Microforms","5","22"
"551","849F70AC-97D9-4C28-89EB-D3960BBB846D",1,"PGDMI","Microforms (III)","5","22"
"552","BB2E80A7-B0F2-4357-9E7C-5F08B575AC2B",1,"PGDR","Maps Reference","5","22"
"553","A8E517CA-238D-40BB-B16A-D0AA0411DF9D",1,"PGDRC","Maps Reference CD-ROM","5","22"
"554","3FA73102-1341-45C6-8E68-85D29DD37987",1,"PGDRF","Maps Reference Oversize","5","22"
"555","386CF734-E784-4E9A-BD5D-25B8F5B6FF25",1,"PGEM","NC Documents Microfiche","5","22"
"556","9B8FC444-D3A7-47FD-9BA1-A26189EA644E",1,"PGER","Census Reference","5","22"
"557","CBE57292-108D-4583-8F70-3BC2284DAC3F",1,"PGERF","Census Reference Oversize","5","22"
"558","6D2F0553-E3FC-4696-BC9D-B6CA1E6211CE",1,"PGF","Oversize","5","22"
"559","770AC6B4-80C8-4EBE-B963-2A6F2D31E9F6",1,"PGH","Pamphlet Collection","5","22"
"560","077CCE13-DB8A-4C85-AF0E-57CF59032959",1,"PGI","(III)","5","22"
"561","7132A822-40AD-4AD1-BA50-DB9696BFD522",1,"PGL","Rare Documents","5","22"
"562","1B00BF00-7155-403C-8EE8-A45DF3FF9D2A",1,"PGLM","Compact Shelving Microforms","5","22"
"563","BE521457-0105-485B-AA4B-10992480D7DA",1,"PGLS","Rare Documents Serial Set","5","22"
"564","44343285-8F4A-4866-8304-0937E0ADE1AE",1,"PGM","Microforms","5","22"
"565","4464597F-02A2-47FB-A106-DD030035A88A",1,"PGN","UN Documents","5","22"
"566","11B850A0-E84F-4F55-B492-C2C85C7958B4",1,"PGNC","UN Documents CD-ROM","5","22"
"567","03397061-382B-484E-8D2E-986B89ECB72C",1,"PGNF","UN Documents Oversize","5","22"
"568","C28AA051-4E85-402B-BDE4-1C825D6A06F7",1,"PGNL","League of Nations","5","22"
"569","6E512D15-F154-4BAC-97E8-4D8DB532F9A4",1,"PGNRC","UN Documents Ref. CD-ROM","5","22"
"570","E3D16BF2-B7BD-4CF4-95C4-9C4CCC94C59E",1,"PGO","Official Reference","5","22"
"571","09A0BCED-817A-4758-ADB5-903E5AA66D90",1,"PGO1","Data Services Office","5","22"
"572","B43906D3-BDE0-41C9-A253-E18104F1F2CA",1,"PGP","Periodicals","5","22"
"573","4A938AC6-1A5D-4DF7-BD37-BF722FEB1F75",1,"PGPI","Current Periodicals","5","22"
"574","01AD12B5-D7ED-42D5-A30F-DE9A599D6CF8",1,"PGR","Reference","5","22"
"575","208F4878-97F8-4FCC-B5E4-08F9024B88D8",1,"PGRC","Reference CD-ROM","5","22"
"576","C8EB06C2-2460-413B-9EDE-38AE995C25DB",1,"PGRI","Documents Ref.  (III)","5","22"
"577","EA0FFBC9-03DD-4908-8C54-0940C315039B",1,"PGRIN","Index Area","5","22"
"578","42BFD93A-C288-4F84-B0EC-5D35A5CABB42",1,"PGRL","Law Reference","5","22"
"579","74F46BE6-CCDE-4189-9C18-BAE5ADB54294",1,"PGS","US Documents","5","22"
"580","D9FCD074-A2B0-4276-B0EF-F880C7D23321",1,"PGSC","US Documents CD-ROM","5","22"
"581","F96884FD-8834-40D6-B8C7-692BEA500AF8",1,"PGSF","US Documents Oversize","5","22"
"582","EE13EC9E-76C1-4362-B619-60E22D8E4CEB",1,"PGSI","US Documents Posters","5","22"
"583","5362419E-5730-42F8-8ED2-B7B0D404BBA0",1,"PGSM","US Documents Microform","5","22"
"584","8781A7AE-CACF-4F9D-8F1A-DB470D6416E3",1,"PGSR","US Documents Reference","5","22"
"585","C9A8BABE-1301-4ADA-BF8E-A3FC80FB0E85",1,"PGSRC","US Documents Ref. CD-ROM","5","22"
"586","0F682BDC-5504-4AC7-85F1-EC827DC10247",1,"PGVV","Documents Video cassette","5","22"
"587","F0159067-00CC-4110-95F1-3C8C5D03E6F0",1,"PGW","Documents New Titles","5","22"
"588","00087C62-7E82-450C-8025-9A2B0CBB7464",1,"PGZ","RAND","5","22"
"589","C2938DFA-2EC7-4CE8-AE1B-A3899891C828",1,"PK","Stacks","5","22"
"590","F3212FEA-78DC-4EA3-BBAF-44A735A773FD",1,"PK2","Stacks","5","22"
"591","F3CE8565-A6D8-4F02-BE9D-C3602774DAF8",1,"PK3","LOCATIONS AND CALL NUMBERS VARY","5","22"
"592","4905231E-77A6-447B-866F-D011759F3A33",1,"PK4","Classical Studies","5","22"
"593","A228DA16-C0EA-4310-AFC4-8D479D748A25",1,"PK5","Preservation Department","5","22"
"594","4DF8F0A3-D808-41FA-9FE3-13BD6FB9F6FB",1,"PK6","International & Area Studies Reading Room","5","22"
"595","26434A6A-FCAC-42A9-AD11-CF8A1D8F798C",1,"PK6A","International & Area Studies Reading Room Atlas Case","5","22"
"596","613F57C8-3258-472B-AB1F-4176D27ADCA9",1,"PK7","Duke Authors Display","5","22"
"597","C5A76A2D-7051-40C8-B937-ACFE092A0623",1,"PK7F","Duke Authors Display Oversize","5","22"
"598","4DEC0DA2-DFA7-4E61-B570-3FF12BB97B36",1,"PK7Q","Duke Authors Display","5","22"
"599","69D9E6C8-FCF9-447A-8F6B-2ADDFE7EEB01",1,"PK8","Carpenter Reading Room","5","22"
"600","163F8B8B-CEFA-44E2-B721-F9D344853462",1,"PK9","Journals Consulting Shelves","5","22"
"601","9E889251-3411-4BD0-879C-492C5BDFBCDE",1,"PKCEM","Electronic Media","5","22"
"602","CE47DB33-0872-4784-BA10-525D39B27876",1,"PKCNT","Networked CD","5","22"
"603","CAEC294A-1792-42C7-A3D1-F99CF033EEA2",1,"PKCNW","Networked CD with Web access","5","22"
"604","224698AE-9E3F-44A8-A3ED-BF1BA12E29D3",1,"PKD","Plays","5","22"
"605","DB9C8AC8-012D-4BC4-A4D7-DBE8ADB08AFE",1,"PKE","East Asian Collection","5","22"
"606","943AFAC1-497D-4C1C-9AD2-C67E7547A234",1,"PKE3","East Asian Collection Office","5","22"
"607","86D12822-C5D9-4F8D-A880-4C953B6F0304",1,"PKEA","East Asian Collection Atlas Case","5","22"
"608","D8B2CE5F-A5D4-4A88-AB8C-E914D337894B",1,"PKEC","East Asian Collection CD-ROM","5","22"
"609","AF429B11-EB6B-4B0A-BEFB-9A662F446316",1,"PKEF","East Asian Collection Oversize","5","22"
"610","058D0F5A-E0B1-4815-85DC-F594F971BA73",1,"PKEM1","East Asian Collection Microforms Microfiche","5","22"
"611","47D1C00C-7400-49D9-9846-458CFEC5CD83",1,"PKEM2","East Asian Collection Microforms Microfilm","5","22"
"612","EA581574-6970-48E3-A695-8EE21F32FB92",1,"PKEN","East Asian Coll. Newspapers","5","22"
"613","C4D41849-4CCF-413E-ACF0-D45289782E6B",1,"PKEP","East Asian Coll. Periodicals","5","22"
"614","7BB0EB70-0724-4B61-A1B9-42F6E560DE56",1,"PKEPI","East Asian Collection Current Periodicals","5","22"
"615","E567D4D2-E338-46E3-A337-B68B8D140ADA",1,"PKEQ","East Asian Collection","5","22"
"616","8ABD8170-2FB5-4E64-AA28-51F45F9EA998",1,"PKER","East Asian Reference","5","22"
"617","EC79E0F7-E98A-46E9-981C-7C9F403906DA",1,"PKERC","East Asian Reference CD-ROM","5","22"
"618","8B852488-A3AE-40DA-AD1C-1806E8534DA1",1,"PKERF","East Asian Reference Oversize","5","22"
"619","F3353BF7-A7AE-4C21-94F1-887528A8BB59",1,"PKERQ","East Asian Reference","5","22"
"620","118481F7-570D-4FAF-9F36-49D2D8CEB458",1,"PKF","Stacks Oversize","5","22"
"621","6EA8F976-22C1-4D6F-BED1-F4547C5A1C9C",1,"PKFF","Stacks Double Folio","5","22"
"622","5E9EA17C-B285-464A-B45B-2F5139424A7D",1,"PKGO","Data/GIS Official Reference","5","22"
"623","6D413561-53DE-438D-9A76-E218151D4DB2",1,"PKGR","Data/GIS Reference","5","22"
"624","2514128B-926C-4311-BAE5-79B916648B0A",1,"PKGRC","Data/GIS Reference Electronic Media","5","22"
"625","70EC31C8-A0A4-4B9F-A03C-5CB8C05FB0A7",1,"PKH","Pamphlet Collection","5","22"
"626","08B2753D-05A8-4383-8B23-8A7F5C4D560E",1,"PKHF","Pamphlet Collection Oversize","5","22"
"627","556B9862-DB8E-48C0-A00B-BE75C77D2100",1,"PKHQ","Pamphlet Collection","5","22"
"628","80806FC3-0911-4CC8-BCE2-14510EF493F0",1,"PKJ","Juvenile","5","22"
"629","FA269601-7D9F-4199-9550-6090DE6D4C0D",1,"PKK1","Ebook Reader","5","22"
"630","C2C65FEF-17E7-46C0-8B20-FC7CAF5F92F5",1,"PKK2","Ebook Reader","5","22"
"631","1DAACA2F-7BCB-4B62-9552-EDDB47A54383",1,"PKKR","Ebook Reader","5","22"
"632","36C351CB-E503-4418-903A-780A8C817D65",1,"PKL","Locked Stacks","5","22"
"633","102082F6-4882-46F7-8B3A-BFF67509CA9F",1,"PKLB","Locked Stacks/Brief Listing","5","22"
"634","6D2EBDE4-9B91-4050-8873-0299469EE9A0",1,"PKLC","Locked Stacks CD-ROM","5","22"
"635","F37E6479-ECC7-42C8-B985-069A91A32FFE",1,"PKLF","Locked Stacks Oversize","5","22"
"636","E21805D4-5BE6-47FE-BCCC-561DFE468A97",1,"PKLJ","Locked Stacks Juvenile","5","22"
"637","75C42D4E-C07E-495E-8504-68E460AF15EC",1,"PKLP","Locked Stacks Periodicals","5","22"
"638","EA31940A-BC31-4B99-8CF6-B15AA9CA441D",1,"PKLQ","Locked Stacks","5","22"
"639","0B802B5F-C6E7-4335-8377-927748B77415",1,"PKM1","Microforms Microfiche","5","22"
"640","21580BCD-325D-415D-A356-BD08BC75ACB8",1,"PKM1C","Microforms Microfiche Cabinet","5","22"
"641","C761FD4A-54F0-4DE9-91AB-CB3E2FAA2893",1,"PKM2","Microforms Microfilm","5","22"
"642","7818DEE6-0046-4517-AD81-90DB539CA2ED",1,"PKM2R","Microforms Microfilm Reading Room","5","22"
"643","7DD93212-654B-4746-987B-071E782AE365",1,"PKMB","Microforms Guides","5","22"
"644","00E73186-5644-40CC-BF57-1F41EE018002",1,"PKMBF","Microforms Guides Oversize","5","22"
"645","34366D08-7C93-4D35-8F60-88D3BA02C21F",1,"PKMBQ","Microforms Guides","5","22"
"646","496A7D5E-078A-4B30-9957-1BC5B9A08FBB",1,"PKMI","Microforms (III)","5","22"
"647","7004CF59-B55A-4613-B59E-7B9C7C5021F2",1,"PKML","Microforms Locked Stacks","5","22"
"648","6AC03950-2947-40E4-9849-80F8542B07E3",1,"PKN","Current Periodicals/Newspapers","5","22"
"649","217F5728-1862-4EA3-869A-711FB3FB56A5",1,"PKNU","Newspapers (Uncataloged)","5","22"
"650","836296CE-0F13-43A6-83B5-83351A3AD0BF",1,"PKO","Official Reference","5","22"
"651","91448F1B-65A8-4242-BB59-6580511B4117",1,"PKO1","Official Reference South Asian Studies","5","22"
"652","E9489939-B1E5-44B9-92C9-B907BCD523CA",1,"PKO2","Official Reference Cat. Dept.","5","22"
"653","CC63D703-DDEF-467F-9E87-B5C722467622",1,"PKO2F","Official Reference Cat. Dept. Oversize","5","22"
"654","F905A713-56B0-4002-A6CD-AA7B1771AF16",1,"PKO2Q","Official Reference Cat. Dept.","5","22"
"655","A1399B4A-0C73-4FE3-A6C7-F06F2797E0ED",1,"PKO3","Official Reference Coll. Devel.","5","22"
"656","1EB6235F-4559-4864-9C66-2F6F6267E521",1,"PKO3F","Official Reference Coll. Devel. Oversize","5","22"
"657","C2FE4D8C-D291-4E59-9EBD-0DADE86F76EA",1,"PKO3Q","Official Reference Coll. Devel.","5","22"
"658","26FFBE3F-6F4D-4C8A-8818-D909233DFD59",1,"PKO4","Official Reference University Librarian's Office","5","22"
"659","91175CE0-6900-4D0E-A1C5-891C506883F9",1,"PKO5","Official Reference Preservation","5","22"
"660","40C82F42-59A2-46EF-88BE-46BD4BE98DF4",1,"PKO6","Reference Office","5","22"
"661","377E0F4A-F924-40F4-AD1A-669A37754D3F",1,"PKO7","Official Reference Serials Cat.","5","22"
"662","79A51811-D7D9-4B8F-AE41-3A4CA94B0C13",1,"PKO7F","Official Reference Serials Cat. Oversize","5","22"
"663","3885626D-4E95-4BCA-A3CF-C62BC94643C2",1,"PKO7Q","Official Reference Serials Cat.","5","22"
"664","7B4096F0-B072-4D6C-BBBB-7ACA85F8C75F",1,"PKO8","Official Reference Special Collections","5","22"
"665","025ED33E-FBFC-49A9-8F04-A5962016956A",1,"PKO9","Official Reference Information Technology Services","5","22"
"666","E5DC1162-F738-4BF1-9AFC-E539F35E70F8",1,"PKOA","Offical Reference Acquistions Department","5","22"
"667","80CD0621-5D85-4F62-8C9B-8AB64326171C",1,"PKOB","Official Reference Conservation Services","5","22"
"668","09EF18DF-4EFE-4CAC-897D-20CBF7C26035",1,"PKOD","Official Reference Development Office","5","22"
"669","E14CCEA0-8613-44EC-935B-508591ECAE37",1,"PKOF","Official Reference Oversize","5","22"
"670","9B15E4BF-655A-4986-A095-9D2FEE36B2E9",1,"PKOH","Official Reference Library Human Resources","5","22"
"671","15F4AA6B-1898-438E-8FBE-CC18BE081EE4",1,"PKOQ","Official Reference","5","22"
"672","6BE9F597-9D17-4417-95C4-1F2F2BEF7CF3",1,"PKORD","On Order","5","22"
"673","21603BF0-ED82-4CCA-849D-F96B4C06D7D4",1,"PKP","Periodicals","5","22"
"674","CD7D9F84-1164-4FA4-97B2-9B62335F0C0E",1,"PKP3","Periodicals","5","22"
"675","6A94CA65-37E7-49F1-8FDD-584A773E1215",1,"PKP3I","Current Math Periodicals","5","22"
"676","01D64186-BFFF-4967-98D4-EC742E3C8DEF",1,"PKPI","Current Periodicals and Newspapers","5","22"
"677","C78933FB-A5A0-4E57-92F2-29AA2321C055",1,"PKQ","Stacks","5","22"
"678","121E1C6B-0C1D-46F8-A238-6041F6C0D552",1,"PKR","Reference","5","22"
"679","AEEC34F3-2BDF-40AA-BC3C-70176406CF72",1,"PKR2","Reference Atlas Cases","5","22"
"680","E9178DC9-8CA5-48E6-AABA-431CDCD1533E",1,"PKR2F","Reference Atlas Cases Oversize","5","22"
"681","D1A0A2D5-8381-4A1D-97D2-408BEC63397E",1,"PKR3","Reference Desk","5","22"
"682","CB25E5E2-8F67-448C-BD37-53AF143750A5",1,"PKR3C","Reference CD-ROM at Reference Desk","5","22"
"683","A5B3C658-A990-45C0-8FBD-411786A67A65",1,"PKR4","Reference Index Area","5","22"
"684","C0D4C409-FB36-4833-BB46-CE6CF34C7CF6",1,"PKR5","Newspaper Index Area","5","22"
"685","96FAD969-15AC-47F4-B8D5-FF6D6FF1390A",1,"PKR6","Help Desk (Bostock)","5","22"
"686","65907DF2-7F6E-48A0-A86F-4927E4703DB1",1,"PKR7","Reference Sadtler Spectra","5","22"
"687","BDA28F83-D1F7-41F5-AFF2-CE36E7DD1B24",1,"PKR8","Reference Loeb Classics","5","22"
"688","3147CAC7-E736-497A-823A-3AB31D604135",1,"PKRC","Reference CD-ROM","5","22"
"689","8711A5C5-1B77-4E37-9124-3FC7B24CA0AA",1,"PKRCL","Reference CD-ROM in Reference Computer Cluster","5","22"
"690","163A63B6-5781-4A19-8DB0-DBB46EE99649",1,"PKRF","Reference Oversize","5","22"
"691","92CEE478-59CA-4A74-A1FE-47A9D45503F4",1,"PKRG","Data/GIS Reference","5","22"
"692","21A6E389-E740-499B-84D1-D24C22C965F8",1,"PKRGC","Data/GIS Reference Electronic Media","5","22"
"693","FEE616EB-A539-4904-A6F7-49DFA870F1C4",1,"PKRM","Reference Microforms","5","22"
"694","21F5C954-7081-49D9-81D0-238F1D80CC65",1,"PKRMF","Reference Microforms","5","22"
"695","C1B0171D-C69D-4EB3-B6CE-4D1261B445AE",1,"PKRMQ","Reference Microforms","5","22"
"696","1804943C-7CD6-4F3B-9BAE-C5333D537AD9",1,"PKRN","Reference U.N.","5","22"
"697","921F262E-5721-4533-AB14-327FEDF54E23",1,"PKRQ","Reference","5","22"
"698","F8C09642-20D4-4436-9956-0C2C83FCA19E",1,"PKRS","Reference U.S.","5","22"
"699","43B2C001-D0B9-4883-8448-159F5C1E5856",1,"PKRSS","Reference U.S. Serial Set","5","22"
"700","F47D783C-6AD1-4E33-A4F0-41B9A8A3E78F",1,"PKRXC","Reference CD-ROM on Reserve","5","22"
"701","E2D212CA-6252-454A-A769-270714A96E8A",1,"PKT","Theses","5","22"
"702","38DB817D-5C83-4DC1-8471-91EB90DC6DBE",1,"PKU","Reading Room","5","22"
"703","E2AD16D1-1BD1-473B-B8B4-C6217141C64D",1,"PKUF","Reading Room Oversize","5","22"
"704","1604EC6D-C99F-43DB-8F48-ECA7A06E2F39",1,"PKUQ","Reading Room","5","22"
"705","C7036AB7-25AF-4E81-A9CE-47A79A800BAD",1,"PKV8","DevilDVD","5","22"
"706","43BAF41F-7CCE-4B26-8FD8-BBD9675495CC",1,"PKW","New & Noteworthy","5","22"
"707","F493F557-A542-412C-8B46-D36778D0ED16",1,"PKWF","New & Noteworthy Oversize","5","22"
"708","BBB292BB-22AE-4B68-BEE4-2B05DD0B6051",1,"PKWQ","New & Noteworthy","5","22"
"709","1D4B35A1-ED92-48B5-8944-F3D8DA048760",1,"PKX","Reserve","5","22"
"710","5F14CFDB-F853-4768-BAD4-77E5B5D05C45",1,"PKX1","Permanent Reserve","5","22"
"711","C617D56B-FA51-41AE-8076-D10287F15AAD",1,"PKXF","Reserve Oversize","5","22"
"712","B7225906-FDA6-4ECF-8CE5-4202BABA061E",1,"PKXG","Paleography Reserve","5","22"
"713","E4DAF3FA-BDBC-44CF-B1B0-92083AB65E44",1,"PKXGQ","Paleography Reserve Quarto","5","22"
"714","0E2C84A3-D633-43C4-8509-49F28217A929",1,"PKXKR","Ebook Reader Reserve","5","22"
"715","8A8007D4-5F05-4E54-B2A4-9A51016AE274",1,"PKXQ","Reserve","5","22"
"716","485E6A85-AC10-4788-9BCB-B3CCB20BF9AA",1,"PKXX","Exhibit Collection","5","22"
"717","5A2A45EB-1D73-4C90-A799-AEE360FA4467",1,"PKXY","Papyrology Reserve","5","22"
"718","0491CEB2-0493-43C6-B406-6B50A607EDC4",1,"PKXYF","Papyrology Reserve","5","22"
"719","2F39D3E1-FA22-40CD-A464-56977788AB95",1,"PKXYQ","Papyrology Reserve","5","22"
"720","7B2E1E00-744B-4329-88E0-ABF3303DF152",1,"PKZ","Stacks","5","22"
"721","EBD7358D-A4CC-45BA-B27B-D36AA3F8BA1B",1,"POB","Off-Site Stacks - Not available","5","22"
"722","39126966-1E48-42CF-B6FC-AA0D5FF379CE",1,"POBF","Off-Site Stacks - Not available","5","22"
"723","FC59A5BD-37C0-451F-902B-B984AD586925",1,"POBP","Off-Site Stacks - Not available","5","22"
"724","14B89B33-D88B-4B3A-9776-AB41413DBF26",1,"POBQ","Off-Site Stacks - Not available","5","22"
"725","8D8DE8CD-047A-43E8-84C8-B7515ADC04B5",1,"POC","Off-Site Stacks - Not available","5","22"
"726","5CFEB9E1-24B6-42B1-A41B-76C74B52D11D",1,"POCP","Off-Site Stacks - Not available","5","22"
"727","E6C27B42-0FFB-4C53-BC26-B141B092E9FA",1,"POD","Divinity Off-Site Stacks","5","22"
"728","B4A9969F-1C54-472D-B70B-A50D90DFA353",1,"PODA","Off-Site Stacks - Not available","5","22"
"729","78FD8E38-FFBC-427E-B399-63340810753D",1,"PODP","Off-Site Stacks - Not available","5","22"
"730","68210F14-9B34-4DA8-B6B1-B30C6CD39F04",1,"PODU","Off-Site Stacks - Not available","5","22"
"731","6E1E0217-218B-4452-8D6C-AC12DEA6CCAB",1,"POGS","Docs Off-Site Stacks","5","22"
"732","423C7755-ED7A-453F-8BB4-8C5BAAFDE559",1,"POGSF","US Documents Off-Site Stacks Oversize","5","22"
"733","71FA7222-BA31-4D35-A50D-E7454C05D0D5",1,"POGSQ","US Documents Off-Site Stacks","5","22"
"734","5725CE1F-8412-4B38-87A5-10FC18C69BB8",1,"POK","Off-Site Stacks - Not available","5","22"
"735","EDF650E1-FF94-4100-BC4B-403E0CA7A5AD",1,"POKF","Off-Site Stacks - Not available","5","22"
"736","3C5B46A0-F9AF-41E2-BF68-30F9F4764E1A",1,"POKFF","Off-Site Stacks - Not available","5","22"
"737","C91DFA43-89D1-452A-9629-CA8EE646EE8B",1,"POKP","Off-Site Stacks - Not available","5","22"
"738","2A5C0AA6-17FE-4255-B5F0-F43D4D6EA2F4",1,"POKQ","Off-Site Stacks - Not available","5","22"
"739","4DFE3243-BD24-4461-A105-A9AB02A61093",1,"POL","Off-Site Stacks - Not available","5","22"
"740","7ED863CB-DFA6-4ACB-ABE5-A9AE0573C156",1,"POLF","Off-Site Stacks - Not available","5","22"
"741","C11394F1-AFF3-4BC0-9BC9-196DBDEC02FF",1,"POLP","Off-Site Stacks - Not available","5","22"
"742","33ED16DF-0347-471B-BE71-E6589B25F4ED",1,"POM","Off-Site Stacks - not available","5","22"
"743","71654732-BB3C-4F39-AC23-4AFE4523EDD8",1,"POMP","Off-Site Stacks - Not available","5","22"
"744","B3417C04-B7D7-4787-AFFB-C4778193FBC7",1,"POV","Off-Site Stacks - Not available","5","22"
"745","2BA4CD47-44E9-408B-B96A-D17921315007",1,"POV2","Off-Site Stacks - Not available","5","22"
"746","1D1C9F51-6B3E-469D-8B85-D591C61ECA1B",1,"POV2P","Off-Site Stacks - Not available","5","22"
"747","82467755-42A7-49E8-B989-C772943E4971",1,"POV2Q","Off-Site Stacks - Not available","5","22"
"748","41918A31-BF83-4C47-A296-9FEC811FA98B",1,"POV2T","Off-Site Stacks - Not available","5","22"
"749","C8B182C5-8AEA-4771-9D6A-E9FC6879C3FF",1,"POV3P","Off-Site Stacks - Not available","5","22"
"750","88463E32-ADE0-40E4-B7E9-FC8AC336C514",1,"POVP","Off-Site Stacks - Not available","5","22"
"751","E45CC3E7-46BD-428C-B006-BCF52E357C1F",1,"POZP","Off-Site Stacks - Not available","5","22"
"752","40A0AE01-01AC-4BE8-A4E7-DB50B47206DE",1,"PSGL","Perkins Documents Rare Documents: Lib Service Ctr","5","22"
"753","A82072E2-71E0-41E9-85E5-75740B5D0A9E",1,"PV","Stacks","5","22"
"754","FC74ACF7-0733-4D62-8DB9-BFC0D404187C",1,"PV2","Stacks","5","22"
"755","B702496C-FB40-4319-B2B6-C387B025EDA7",1,"PV2C","Stacks CD-ROM","5","22"
"756","4BCDF178-2BDC-4575-B0C3-6D3F26487089",1,"PV2F","Oversize","5","22"
"757","16BC9CB7-FD67-4623-A459-DD0273C1D7FF",1,"PV2H","Pamphlet Collection (MP)","5","22"
"758","131EE618-AC7D-4805-BEFF-DF765AA3C5F5",1,"PV2I","Stacks (III)","5","22"
"759","42F6D191-46E2-4ED5-BDF6-EC0FE5E83955",1,"PV2M","Microforms (MP)","5","22"
"760","A16E591D-1E75-4DB4-90D6-66C993B7728D",1,"PV2O","Office","5","22"
"761","7FF9E646-A17B-449C-B1A4-355AD566A500",1,"PV2P","Periodicals","5","22"
"762","54830D0B-00E8-4D4D-A71B-FD6FFFAB4C14",1,"PV2PI","Current Periodicals","5","22"
"763","7476A4A6-9E72-4C29-8AB2-F196BBB15171",1,"PV2R","Reference","5","22"
"764","E9A3EE45-F2A3-45F0-BBDD-8EB524CC4866",1,"PV2RC","Reference CD-ROM (MP)","5","22"
"765","91DCBBC6-BFDB-4F0E-8A1E-F8A7EE2C3D42",1,"PV2X1","Closed Reserve","5","22"
"766","9D1CD534-1631-46BB-8916-F66FE4EBF2A5",1,"PV2XC","Closed Reserve CD-ROM","5","22"
"767","97290176-08A4-43DB-BAB8-27F48C1AD775",1,"PV3P","Math Periodicals","5","22"
"768","C73FB4EC-72C4-4C19-AFB2-D2315798E5AC",1,"PV3PI","Current Math Periodicals","5","22"
"769","7F1C3546-8F70-43DB-B0B2-0E8AA6185328",1,"PV4","Fox Collection","5","22"
"770","50A0C9FB-2104-4498-8EE2-F56C65A47ED6",1,"PVC","Stacks CD-ROM","5","22"
"771","34618B4A-BBC7-4859-A098-4CDDF6D0903E",1,"PVF","Stacks Oversize","5","22"
"772","B2930A3C-E1FC-411B-BA24-593963619191",1,"PVH","Pamphlet Collection (Eng'g)","5","22"
"773","6160F716-95FF-42D1-B5BE-B646831D2E83",1,"PVI","Stacks (III)","5","22"
"774","4CCE82BA-60A7-49EC-8F82-FCB7D9F007EA",1,"PVMF","Microforms (Eng'g)","5","22"
"775","D32B3B62-29C1-459B-99E5-79EBD767CF16",1,"PVP","Periodicals","5","22"
"776","479AF2E6-7C60-4287-9CD4-F370EF708F10",1,"PVPI","Current Periodicals","5","22"
"777","1793BA3B-270C-4B97-803E-40E22C28DA4D",1,"PVR","Reference","5","22"
"778","0793C030-B8A7-4C9B-AE22-BB80EC9A2886",1,"PVRC","Reference CD-ROM","5","22"
"779","934121EB-D4FC-4363-8FCF-3B4C8B1C29F0",1,"PVT","Theses","5","22"
"780","FA062AAB-EBBD-4131-BFD5-02E3816372DF",1,"PVX","Open Reserve","5","22"
"781","70B566FE-E809-41B7-BEDF-503B730E1F5D",1,"PVXCP","Closed Permanent Reserve","5","22"
"782","6C3F6770-0987-4DA0-BB49-A934237E71E7",1,"PVXOP","Open Permanent Reserve","5","22"
"783","1FB358A3-C652-4558-9E09-D59111A8AC59",1,"PORB","Off-site Stacks- Not available","5","23"
"784","2525B56B-800E-435B-9F97-29E60D108F39",1,"PORMS","Manuscripts Off-site - Not available","5","23"
"785","BAA44A89-2F2A-44E3-930B-C3DB33CA08F5",1,"PR","","5","23"
"786","A13D72BC-28E5-4E62-9CD6-57BE7E93DA35",1,"PRB","Rare Books","5","23"
"787","EA45F5BA-DD60-471F-86F0-C7FA336C046E",1,"PRBB","Biddle Rare Book Room","5","23"
"788","41DFCB2D-E4B2-48A4-B8CB-262A8C9390E6",1,"PRBCA","Rare Books, Oversize Cabinets A","5","23"
"789","F230A75D-3D48-4E0D-AF85-D1A66B1364D5",1,"PRBCB","Rare Books, Oversize Cabinets B","5","23"
"790","C4A74C78-FEAE-4589-A5BD-B3D154F05CC4",1,"PRBD","Rare Books, 12mo","5","23"
"791","918E152D-3A93-4A84-93AF-AD01D551C5CF",1,"PRBF","Rare Books, Folio","5","23"
"792","3A600864-B0E5-428E-A93F-7CEA421F1735",1,"PRBG","Gothic Reading Room","5","23"
"793","91C2BDDA-DBF9-450C-A980-9A4B0E1BFAF7",1,"PRBM","Rare Books, Mini","5","23"
"794","81B7B6DF-4450-4490-8497-D6B8EE64B53A",1,"PRBO","Rare Books, 8vo","5","23"
"795","ABB0AF7C-8501-42D0-9601-67E30F5238E8",1,"PRBP","Papyrology Room","5","23"
"796","B8A803E2-46F6-4AD9-B348-9549B23D0EF0",1,"PRBQ","Rare Books, 4to","5","23"
"797","FDE3529B-558A-4D37-8ACB-1BF10A309ACA",1,"PRBR","Rare Books, Rolled Storage","5","23"
"798","75FBAF0B-D65F-477C-B470-FDB1C88ECAFD",1,"PRBSA","Rare Books, Oversize Shelving A","5","23"
"799","985664A3-FE7A-4FDD-AB14-D684D20A1A30",1,"PRBSB","Rare Books, Oversize Shelving B","5","23"
"800","5218F8E5-2811-42DF-987D-D1DB5C462BD5",1,"PRBT","Trent History of Medicine Room","5","23"
"801","510CDD34-1E4C-4D36-9077-30A0BCD12903",1,"PRBX","Rare Books, Double Folio","5","23"
"802","48F914C5-EA03-4E49-9947-A8989F748B44",1,"PREVD","Remote Virtual Desktop","5","23"
"803","63C35E65-37EE-406C-9A93-0E74E5DA706B",1,"PRH","Pamphlets","5","23"
"804","24507BBA-3542-4828-AFAB-DDF7A93867FA",1,"PRL","Vault","5","23"
"805","5D56F98D-9C03-4A91-9223-9760E14D6E9F",1,"PRLR","Locked Storage Room","5","23"
"806","18A832C1-7636-4ECB-89AA-2EF6E0575B2E",1,"PRMS","Manuscripts","5","23"
"807","40B36E93-71B0-4DF4-B11E-7AB0F9001EC4",1,"PRN","Newspapers","5","23"
"808","B4365A8E-480A-4A22-8188-7F8D3F972638",1,"PRNU","Newspapers (uncataloged)","5","23"
"809","3EDD1E17-A78C-4A41-9829-257F6AC79D6D",1,"PRR","Reference","5","23"
"810","114B5BE9-707E-4D01-9524-CB5377C0811C",1,"PRSB","Library Service Center, Rare Books (Reading Room only)","5","23"
"811","30FBE063-B5F8-4ADF-9727-03265CEF80C7",1,"PRSBD","Library Service Center, Rare Books, 12mo","5","23"
"812","A9BA4671-44E8-47E0-A3F7-D2D451BFA2A0",1,"PRSBF","Library Service Center, Rare Books, Folio","5","23"
"813","2152C13D-4892-4DEE-BECD-906A9CE56989",1,"PRSBM","Library Service Center, Rare Books, Mini","5","23"
"814","2EDC2B58-BC89-4740-9231-4D709C24D6A5",1,"PRSBO","Library Service Center, Rare Books, 8vo","5","23"
"815","B6C5BF86-D2EC-4546-9376-9891C740356A",1,"PRSBQ","Library Service Center, Rare Books, 4to","5","23"
"816","42E6C5BF-A1E8-4B9F-9A37-D9AD142B66BD",1,"PRSBX","Library Service Center, Rare Books, Double Folio","5","23"
"817","47C0E5B7-85CD-4675-BD6F-56BD8EB55BE6",1,"PRSH","Library Service Center, Pamphlets","5","23"
"818","67AA673D-719B-4F5E-B94E-A8EE85A46445",1,"PRSMS","Library Service Center, Manuscripts (Reading Room only)","5","23"
"819","247358E5-485C-4C64-9A24-13D3E176A334",1,"PRSN","Library Service Center, Newspapers","5","23"
"820","B1F5DDFC-3D2F-4FD5-B51E-9E81BA83DFE6",1,"PRZ1","History of Medicine Locked Stacks Manuscripts","5","23"
"821","49B6B2A2-317C-4751-94AD-226CB8947459",1,"PRZ2","History of Medicine Bound Manuscripts","5","23"
"822","4845A059-126B-4CAF-B449-2425B805E407",1,"PRZ3","History of Medicine Ephemera","5","23"
"823","B64DB798-013B-4B9F-94C2-2D3014616832",1,"PA","","5","24"
"824","B631A838-F2E3-4080-8D25-C63E5D6ED89F",1,"PAF","Oversize","5","24"
"825","9A9954B6-52C3-4FD6-BE6E-8348F63138F0",1,"PAGR","Gothic Reading Room","5","24"
"826","42FC9D51-10C9-4AC3-BD43-D98DC01A8FD8",1,"PAI","(III)","5","24"
"827","7243C526-5B1A-4649-8C3E-9F29A685D7B1",1,"PAM","Microforms","5","24"
"828","328CF267-AAC9-45EE-A531-B1ED2AC0E1EC",1,"PAP","Periodicals","5","24"
"829","3B3CD4BA-66A1-4EB4-93F3-7CCAF7996BF0",1,"PAPI","Current Periodicals","5","24"
"830","DF80BC1A-2C3F-421A-89D9-560DB9A837A7",1,"PAQ","Quarto","5","24"
"831","88ACAA39-BE5A-47E6-BE51-1F7CE7A73818",1,"PAV2","A-V Video cassette","5","24"
"832","98B8B724-A52D-49D3-9908-5A27E757A35D",1,"POA","Off-Site Stacks - Not available","5","24"
"833","B2E195D8-D338-40D0-B97D-565B894D8739",1,"POAQ","Off-Site Stacks - Not available","5","24"
"834","320524FD-A953-409A-993B-285B5574E2B3",1,"POAT","Off-Site Stacks - Not available","5","24"
"835","85B9F19E-D73F-40D4-9910-E6DA3D736361",1,"POATI","Off-Site Stacks - Not available (III)","5","24"
"836","E98D20D3-06B9-4B3D-8A54-AFD0C47FD662",1,"PSA","Library Service Center (Reading Room only)","5","24"
"837","4BAF81C9-BC58-491F-9DA5-543AA782340E",1,"PSAP","Library Service Ctr Periodicals (Reading Room only)","5","24"
"838","F698179D-AB6F-4F84-9E51-A2016A7E9F10",1,"PSAQ","Library Service Center (Reading Room only)","5","24"
"839","14708E87-42A7-443B-9BC9-6DE70CEBB4FB",1,"PSAT","Library Service Center (Reading Room only)","5","24"
"840","98FE37F5-9AC3-4A2A-A9C2-BB2768C6825A",1,"PSATQ","Library Service Center (Reading Room only)","5","24"
"841","b0f5c56e-a49e-44b0-8dbe-18aaf08bce8c",1,"FRDNC","Ford LSC - Library Use Only","5","14"
"842","d694dc9f-8f98-4e03-8c2e-aed2af84c4b7",1,"PBLL1","Herbarium Collection 1 - Vascular","5","11"
"843","a1195027-9233-4d2d-8449-187c1111054b",1,"PBLL2","Herbarium Collection 2 - Lichen","5","11"
"844","152410f7-0e9e-404d-ab60-25112e84c506",1,"PBLL3","Herbarium Collection 3 - Moss","5","11"
"845","7e73343b-b423-4036-a6ed-5c714efce832",1,"DKK","Ebook Reader","5","13"
"846","d286abcf-5581-466c-a3fd-b5dfa863eedb",1,"PL4","Chargers","5","16"
"847","60a424d7-72ba-401f-91a0-ad622e9224da",1,"PSM2","","5","18"
"848","2722cd1c-31b6-493d-ba6f-be38cbfeb85a",1,"PSMV","","5","18"
"849","bb02f307-4df3-46de-9f00-94dc23de0c6b",1,"PSMC","","5","18"
"850","c2df6a77-1d1c-4d95-8e7e-a4e79c8dfacb",1,"PSZT","","5","18"
"851","42cac539-b9c0-43c4-88ee-33766a9f8432",1,"PZT","Theses","5","19"
"852","6f8f0c8d-383c-4d24-967c-514977a687e0",1,"PM2","Miniature Score","5","20"
"853","baed57a9-e604-4cce-9cce-cac02dc8991b",1,"PMV","Media","5","20"
"854","72ba3c56-b571-4291-908c-42b6f0e1c4e0",1,"PMVX","Media Reserve","5","20"
"855","9b84c1c9-7c51-4908-a1f2-52e57d5d472f",1,"PMC","CD-ROM","5","20"
"856","9245b466-e23d-4544-aab9-98e89fe05ba2",1,"PMM","Microforms","5","20"
"857","5d23476b-4958-40e6-b100-e4cf52d8fbe4",1,"PKR9","The Edge Reference","5","22"
"858","ccc74fa0-f212-4adc-b215-08eaf63d0825",1,"PRA","Art, On-site","5","23"
"859","80e59659-c0dc-48ca-9fc8-34608e985553",1,"PRLX","Vault, Oversize","5","23"
"860","e78c5d06-a276-46b7-86ca-cbba44954ef6",1,"PRMSA","Small Manuscript Collections, On-site","5","23"
"861","4c5ff7d9-6b13-4310-bc02-54cb00b2ec9d",1,"PRSZ3","Library Service Center, History of Medicine Ephemera","5","23"
"862","324685c1-22ec-49ad-8daa-d8614ee9c9c1",1,"PRSR","Library Service Center, Reference","5","23"
"863","b12e765f-0da1-467f-8916-7379da17bb2f",1,"PAL","Vault","5","24"
"864","eb14762b-b720-4da1-a9eb-ff9745a847dc",1,"PAT","Theses, On-site","5","24"
"865","900995f9-b943-4b70-bfe0-0992d6caa3e1",1,"PSAF","Library Service Center, Oversize","5","24"
"866","6eba77f4-280c-4600-8a32-6972373043b7",1,"PAR","Reference, On-site","5","24"
"867","5c9a6b80-1160-441f-991f-23d428f7ea14",1,"PSAR","Library Service Center, Reference","5","24"
"868","ee872511-f4b3-470c-9226-2b8ca692a81c",1,"PABCA","Oversize Cabinets A","5","24"
"869","befd8cb0-30a8-491d-82d4-5526f537eaab",1,"PABCB","Oversize Cabinets B","5","24"
"870","ba1d3435-d7d3-4940-979e-97cd7525db37",1,"PABR","Rolled Storage","5","24"
"871","d63a2bd7-2bdf-4b52-a6dc-71c4dc9eec61",1,"PAA","Art, On-site","5","24"